{"n": 100, "edges": [[0, 1], [1, 2], [2, 3], [3, 4], [4, 5], [5, 6], [6, 7], [7, 8], [8, 9], [9, 10], [10, 11], [11, 12], [12, 13], [13, 14], [14, 15], [15, 16], [16, 17], [17, 18], [18, 19], [19, 20], [20, 21], [21, 22], [22, 23], [23, 24], [24, 25], [25, 26], [26, 27], [27, 28], [28, 29], [29, 30], [30, 31], [31, 32], [32, 33], [33, 34], [34, 35], [35, 36], [36, 37], [37, 38], [38, 39], [39, 40], [40, 41], [41, 42], [42, 43], [43, 44], [44, 45], [45, 46], [46, 47], [47, 48], [48, 49], [49, 50], [50, 51], [51, 52], [52, 53], [53, 54], [54, 55], [55, 56], [56, 57], [57, 58], [58, 59], [59, 60], [60, 61], [61, 62], [62, 63], [63, 64], [64, 65], [65, 66], [66, 67], [67, 68], [68, 69], [69, 70], [70, 71], [71, 72], [72, 73], [73, 74], [74, 75], [75, 76], [76, 77], [77, 78], [78, 79], [79, 80], [80, 81], [81, 82], [82, 83], [83, 84], [84, 85], [85, 86], [86, 87], [87, 88], [88, 89], [89, 90], [90, 91], [91, 92], [92, 93], [93, 94], [94, 95], [95, 96], [96, 97], [97, 98], [6, 98], [34, 50], [48, 95], [90, 98], [59, 88], [19, 37], [12, 79], [26, 67], [38, 67], [4, 93], [45, 80], [1, 37], [10, 65], [52, 96], [3, 87], [33, 62], [15, 98], [13, 58], [8, 66], [89, 95], [2, 92], [41, 63], [47, 81], [12, 69], [21, 42], [27, 51], [19, 24], [35, 97], [70, 80], [73, 81], [3, 71], [30, 41], [63, 86], [38, 95], [44, 96], [5, 76], [13, 36], [2, 91], [42, 70], [38, 91], [54, 83], [37, 87], [63, 69], [21, 87], [1, 25], [39, 53], [56, 86], [47, 82], [0, 32], [9, 46], [12, 19], [46, 49], [22, 35], [5, 66], [68, 93], [32, 66], [9, 94], [17, 78], [12, 75], [12, 22], [20, 41], [20, 54], [44, 55], [13, 44], [50, 82], [1, 90], [21, 74], [7, 32], [42, 95], [41, 98], [53, 93], [60, 65], [13, 74], [64, 68], [20, 76], [83, 92], [43, 88], [22, 36], [18, 25], [6, 82], [16, 75], [2, 93], [63, 91], [52, 93], [25, 34], [37, 51], [36, 90], [84, 87], [48, 89], [33, 42], [60, 81], [12, 61], [4, 32], [76, 84], [7, 74], [35, 89], [44, 51], [24, 56], [6, 42], [31, 94], [61, 68], [8, 24]], "succProb": [0.9312647345004792, 0.7553497948587373, 0.8728815489638002, 0.8065548356680624, 0.8567802715482983, 0.5185373455385693, 0.6834932458585834, 0.8629274988019864, 0.8802849384062585, 0.7765745975407963, 0.6378171083718804, 0.7378513529684205, 0.6184426618314594, 0.838036839823673, 0.5814751912002779, 0.5406882971684517, 0.9751140664909261, 0.7976303621486636, 0.7877039566059837, 0.7453964211287026, 0.7921731428494883, 0.6126079588144531, 0.5007941523251205, 0.8011956465239116, 0.7791787069931455, 0.783232882676312, 0.7118939797763264, 0.9332171020579607, 0.9771382871251223, 0.7823371826843966, 0.9843571114921688, 0.8699463749144736, 0.5981017554316352, 0.8726528142812339, 0.8687621472683558, 0.6409804777311101, 0.7956569011584267, 0.6763123969227944, 0.73192258987103, 0.5552350600570181, 0.7291819605380621, 0.5677197727751255, 0.9350624401579196, 0.5795990162862616, 0.7064927415151517, 0.9266833633848162, 0.9398760362277904, 0.7569131351393916, 0.5533518808328765, 0.5039543996989788, 0.596228017928903, 0.9209358696016432, 0.6800755829103255, 0.6966883658461577, 0.8431938685537423, 0.5113769522177948, 0.6915464526794297, 0.5053660623668291, 0.9806268320820942, 0.5448874997851869, 0.7041049197415593, 0.8234814820900269, 0.538480830476693, 0.974547677291093, 0.6471711120183556, 0.7656216203224939, 0.7220724098719113, 0.769553417323948, 0.5850697377831082, 0.6257308113723572, 0.7512472404872537, 0.8719383378072978, 0.83455754302949, 0.5102168789089504, 0.555939893651364, 0.6051525037683292, 0.8013070111542623, 0.8200313585379917, 0.5156535803422024, 0.5998429852173575, 0.5787225393247614, 0.5333745952870259, 0.7866820072622718, 0.5488326580286078, 0.9665485033666739, 0.5799791178326013, 0.7120539932342783, 0.7978035182589849, 0.6272893584422499, 0.5053397563139983, 0.6775790666975439, 0.5806278151376312, 0.636974641558403, 0.686499962047795, 0.6595875315626915, 0.9051208576301013, 0.5710328716406395, 0.9690293411363933, 0.9477212553534005, 0.9211884132696029, 0.5695293455194543, 0.9085083549109261, 0.5369867728313934, 0.6803450951580716, 0.8273657095667699, 0.8146635281872294, 0.6465127205046987, 0.9707369424896142, 0.7302583818638497, 0.970134482229917, 0.6629628532701605, 0.5306476926374866, 0.7523805895207394, 0.5580227744367302, 0.5928949429174517, 0.5462105053894746, 0.8236805536112997, 0.5549123472629369, 0.6043004827511222, 0.5544375653426988, 0.7865051424811452, 0.8864000619677439, 0.8928693895774978, 0.8806638266062706, 0.7715801889908391, 0.6662561672790859, 0.5213522484021563, 0.8273508987018685, 0.8762922630387333, 0.6490877213151984, 0.7704344958484362, 0.7085236591298264, 0.7623670823603985, 0.5698479321465946, 0.7789185906196479, 0.5207163926359626, 0.5817662184828257, 0.5130054796595184, 0.7630747562037317, 0.6013520191603527, 0.5280250385882823, 0.5585538533536827, 0.5946507345302534, 0.5095293744641948, 0.7914227954318735, 0.9209010089656513, 0.8245946442447958, 0.6061561188170562, 0.9872494748656215, 0.5723495005743193, 0.9517065026106825, 0.5541534390428813, 0.9365156671502606, 0.6304056944535527, 0.7610743684540664, 0.7853369833381183, 0.9728332985499926, 0.8836143881112646, 0.8601970436136512, 0.9200591233710339, 0.6338977296724744, 0.780507291764712, 0.7684034287580727, 0.8123886380719121, 0.5691560824523448, 0.9130006220864695, 0.6120890795328302, 0.7727473374098643, 0.9460417502538168, 0.5828438464069597, 0.8752157738833797, 0.793535142235373, 0.9616467170635716, 0.8611690910876852, 0.5629148916787783, 0.5471035911618294, 0.531593311797318, 0.7508327866455098, 0.8265489730249448, 0.5866107056929013, 0.6780718507944311, 0.6734059764440288, 0.7556707487082471, 0.7428141233564974, 0.8373427756543439, 0.500287328746175, 0.8679257922289028, 0.8195490891910123, 0.8574691420215032, 0.8794064772294619, 0.8282490309899929, 0.5265399919168775, 0.6638828870671845, 0.8727169810068053, 0.864334432042734, 0.7458175140508592, 0.8349824854765833, 0.6726393532856776, 0.5145265839122496, 0.94840446060439], "start": 0, "end": 99}